Financial allocations($ billion),Humanitarian allocations($ billion),Military allocations($ billion),Total bilateral allocations($ billion),Share in EU allocations($ billion)
0.0278779929088783,0.11475043605957805,0.019507734009360372,0.029246560410953356,0.08480729444934769
0.0,0.01774297732235893,0.0,0.0008058911734115073,0.10046857195319303
0.0,0.016097351423514043,0.01136965678627145,0.008033414240077164,0.09785132334338535
0.034178328496688476,0.12438102332028116,0.06964378575143006,0.06448454450678855,0.0
0.0,0.026589283750291945,0.00441077309759057,0.004040553042435302,0.08544049974399802
0.0,0.0,0.0,0.0,0.0
0.0014992503748125937,0.022479041177867334,0.015052336930143871,0.011307264308206768,0.004939001298272537
0.0,0.0006646784760763101,0.0,3.0189889063967654e-05,0.0
0.00018063257527862575,0.0036251670891622482,0.015604850927370427,0.01026156580921365,0.46603908983227826
